review,label
"Q kira besar ,ternyata miniğŸ¤­ğŸ¤­ tapi cocok sic dg hrgany , EMang cm 3rb aj 
sic, tapi parfumnya wangi kok",1
"Koyok ngengek, yg dikirim minyak 1 mili iklan nya 100mli sunggu tidak amanaah pnipuan yg luar biasaa",0
"Saya kira awalnya minyak wangi Fress beneran, setelah di serahan ke jasa kirim saya baca betul2 ternyata cuma tester",1
"Baik, harum sekali, testyr kurang besar, murah relatif, kualitas bagus",2
Produk sesuai dengan pesanan pengiriman tepat waktu kemasan bagus dan mantab gan ğŸ‘,2
Ngakak sekali nggak tau kalau ternyata cuma tester mana pengiriman lamaa sekaliiii kecewa polll isinya dikit produk kecil susah pula bukanya,0
"Ralat saya kira parfum botolan ternyata cuma tester, ternyata baca diskripsi itu perlu",0
Mksih kak paketnya udah sampai pengiriman juga cepat barang sesuai dengan pesanan semoga sukses sellu buat tokonya,2
Akibat tidak baca dulu tak kira besar 100ml ternyata 2ml saja,0
Alhamdulillah barang aku sampai dengan baik terima kasih seller dan shopee semoga tetap amanah next time mau order lagi,2
yang di pesen parfume yang datang apa pengirimannya juga lama 2 minggu ngawor,0
 Tidak sesuai deskripsi,0
kemasan mini bau harum harga sangat terjangkau kualitas bintang 5,2
Tidak sesuai dengan pesanan,0
Ku pikir parfum ternyata sampel,1
"Yaudah lah mau berharap apa sama parfum 10 ribuan kalo disini tinggal nambah dikit dapet botol yang besar lah ini gak amanah banget tokonya kecil banget jangan beli di toko ini,semoga gak laku gak sesuai digambar juga foto produknya",0
berukuran kecil dan mudah dibawa,2
tekstur cair,2
memiliki aroma yang harum dan menyenangkan,2
"Harum banget, meskipun kemasan kecil tapi wanginya memuaskan, wangi tahan lama, enak untuk di bawa bepergian",2
"Ini apa-apaan datang parfum nya sekecil ini ditambah nggak ada harum sama sekali  beda sama yang digambar mentang"" harganya murah jadi nggak sesuai apaan ini maksudnya Gua nunggu"" nya udah lama datang kayak gini baru ini gua nyesel sama produk yang nggak jelas",0
Ternyata kecil parfumnya.. Gak sesuai ekspektasi,0
Aku pikir dapet yang besar parfumnya ternya kecil banget kayak tester,1
Gambarnya besar yang datang mini mending cari yg harga normal saja kawan,0
Di luar ekspektasi ini mah gak nyangka semungil ini datengnya lebih cepet dari estimasi,0
"Sangat mengecewakan tidak sesuai angan2, kok bisa2nya pihak shopee ngizinin toko yang kayak gini iya",0
Minyak wangi mini nya udah yampe pengiriman cepat banget hrg murah sekali di pake nya sekali doang soalnya minyak wanginya mini sekali,2
Ku kira yg bsr trnyata kecil mngkn ak yg slh tdk melihat Ket nya,1
Paket nya mungil banget cuma 2ml maklum sih harga segitu,2
Kecewa deh sama barangnya saya kira yang dateng parfum fres kok yg dateng bibitnya,0
Oke sesuai dengan apa yg di pesan dan aman pengemasan top pokonya dapat voucher juga makasih,2
bagus sesuai harapan.pengiriman cepat.packing aman.terimakasih,2
"Harum banget parfumnya , bisa tahan seharian di aku , wort it lah buat harga yang terjangkau.. pokonya the best suh , favorite banget wanginya",2
penjual tidak amanah sama sekali.,0
klo gk niat jualan gak usah jualan kak.,0
pesen nya apa dikirim apa,0
mending di tutup aja ya kak tokonya drpd bnyk yg kecewa. kasihan loh yg beli kena prank.,0
BRG dah smpe dg aman dan utuh TDK bocor.. tp gimana buka nya ya...??,1
Makasih banyak ea KA pesnanq dah yampek,1
alhamdulillah paket saya sdh dtg td....... paketnya diantar aman dan cepat.......mksh iya kak,1
Paket parhum nya sudah di terima dengan keadaan baik  dengan ukuran sangat kecil aroma wangi yg menyegarkan pengiriman cepat  selebihnya biar bintang yang bicara,2
trimksh wangi kecil gak ribet bawannyaa,2
Sampai dengan selamat alhamdulilah..,1
"Terima kasih sudah d kirim, ğŸ¤ªğŸ¤¦ salah saya nggak baca diskripsi dulu asal beli",1
Kurang teliti dalam membaca jadi ğŸ˜” mungkin lain kali harus baca makanya murah cuma testernya aja,1
"Tak pikir yg dtang besar, ternyata kecil, tp wangi",2
"terkira yang besar, agak rugi 15k 2ml dpt 3",0
makasih seller,1
Barang nya sudah sampai ternyata kecil bngt kirain bakal sesuai di gambar TPI emng sesuai sama harganya oke lah,1
"Kirain botol gede gak taunya seuprit kecewa banget gk lagi""deh beli lagi disini",0
"Paket tiba dgn baik, tp tokonya kurang amanah, d video parfum fress yg dateng minyak bibit yg ukurannya kecill sekali. Kecewa,, tlg yg amanah tokonya..",0
"Brangnya smp dengan aman, trima kasih kak",1
Bagus wanginya juga enak aman paketnya pake bubble gitu jadi oke pengiriman cepet juga n kurir ramah makasih y,2
Brg sdh dtg dg slmat..mturnuwwuun,1
Mengecewakan barang tidak sesuai sama yg di fto harga 3ribu kecil banget,0
Kira in fres &natural beneran seperti iklan awal ternyata berubah  setelah PO 30 hari (ternyata cuma sample nya aja) kadong tak borong e,0
Beer ukuran kecil mudah di bawa wangi tHan lama   menyegarkan tekstur cair memuaskan,2
Sesuai harga sihğŸ‘ kecil mungil,2
Salah di aku .. gk baca deskripsi Tp GK kecewa tau wangi enak bget,1
Kecewa gak memuaskan GK sesuai gambar sungguh kecewa,0
Sudah di terima,1
Wangi saya suka,2
ga sesuay poto,0
Kecil kecil nget....,0
Bagus sekali,2
"Alhamdulillah Dateng juga pesananku,parfum yg wangi kecil bisa di BW kemn2.",1
"Kemasan praktis dan ekonomis, Packing rapi,  pengiriman cepat, di kirim sesuai pesanan.",2
G cocok t kirain besar,0
Mantappp,2
wangÃ¬ii,2
"Tidak jelas sama sekali pesan yg 100ml kenapa di kirim tester 2ml saja!!! Tidak sesuai dan tidak memuaskan pembeli, lain kali kalau mau jualan yg amanah, yg di pesan sama yg dikirim disesuaikan!!!",0
Kok Sy tdk lihat foto nya wktu sblm pesen kl dpt parfum fresh nya itu trnyta botol mini bngt tp tdk mslh mungkin ini bibit parfum fresh maka nya kecil botol le.,0
"Parfum Harum dan Sy sangat suka dngn wangi nya yg awet dan kalem. Pesenan paket dtng lbh cepat dr estimasi perkiraan tgl sblm Aq pesen Parfum ini. Kecil botol nya tp wangi parfum sangat menyegarkan dan tahan lama. Kemasan sangat rapi hingga meski botol mudah pecah,tdk ada yg pecah sm skli,brng yg Sy terima dlm keadaan baik & utuh. Terima Kasih Penjual/Toko yg amanah,bnr2 bisa di percaya kualitas brng yg di jual.",2
wah agak kecewa ternyata cuma sampel kirain 100ml botol fresh kurang teliti saya bacanya,0
"Pengiriman lama sekali pesen tgl 5 tgl 16 baru datang, ukuran nya kecil banget.",0
"Pantesan aja murah ,ukurannya tester",1
Barang tidak sesuai dengan yang di gambar,0
"Bagus banget barang sesuai, kurir juga ramah",2
Sesuai pesananğŸ‘ğŸ‘,2
Paket sesuai Pesanan....,2
Keren cara marketingnya yang beli karena tertipu gak nyimak jelas tapi saya tetap beri bintang lima,1
Botol nya kecil bisa di bawa tidak mengecewakan,1
Ok,1
mntp,1
Kurang merhatiin krain q minyak wangi trnyata cuma sample....,1
Kirain Pas Sampai Paketnya KosongğŸ˜­ Ternyata Isinya Kecil Bngt Kirain Yg Gede Ternyata TesterğŸ—¿,0
Paket sudah datang tidak sesuai pesenan kecewa bangat,0
kecewa ...sekecil inj,0
Cocok untuk langganan,2
Sesuai pesanan,2
"Saya belum nyoba, tapi pas saya raba raba, bau nya wangiii bangetttttt, tapi ukurannya kecil, kirain saya harga 4.000 , dapet nya yang besar soal nya saya co nya pas lagi gratis ongkir",1
"nimah bukan g sesuai lg jualannya tp penipu!!! Gambarnya parfume fresh yg 100ml tp yg datang parfum fresh yg 1 ml jd isinya cm 1 tetes doangğŸ¤£ada aja ni org cari duit. Q ralat yah....eh ternyata beneran niatnya nipu,waktu saya pesan gambarnya fresh 100ml,eh skrg dah hampir 2 BLN ditambahin ada keterangan dan gambar klo barang nya sample 2ml karna kan skrg dah banyak yg pesen dan banyak yg dikirim",0
"agak kecewa, ternyata bibit parfum tapi ok lumayan baunya.",1
Suka baunya harum pengiriman cepat. Next order lagi kurix baik dan ramah,2
Sangggaaattt kecill.. Maka nya harus simak deskripsi itu sngt penting dkira dpat parfume yg botolan kayak contoh. Eh trnyata hanya tester. Mau dbilikin bukan salah saya. Itu hanya tester judul nya.,1
"ternyt mungil sekaliiiii,, wangi,, trmksh",1
"Ini ditipu apa gimana ya, kok dapetnya malah ginian ğŸ˜­ğŸ¥²",1
"Aku kira yg kmasan besar eh ternyata yg dtang kemasan kecil ,bisa isi ulang",1
Dikira yg fresnya GK taunya yg kecilnya.pantesan murah.ğŸ¤¦,1
Kirain yg besar ternyata yg kecil,1
Pikir yg fresh besar eh mls kecill GK sesuai dengan ekspektasi,0
Alhamdulillah paket aku udah sampai....pengirimannya lumayan cepat...barang sama seperti di video...pengemasannya rapih,2
Mksh kk brngy sdh smp smga tmbh amanah ğŸ¤²ğŸ¤²,2
"aku pesen dari 8.8 tanggal 30 baru nyampe, mana tiba tiba berubah jadi sempel 2ml padahal pas 8.8 yang 100ml kocak banget penjualnya sampe deskripsi sama poto prodaknya di ganti, jujur kecewa banget sih dan ini kayak nipu pembeli ğŸ™„ğŸ™„",0
"tidak sesuai, sangat kecewa.",0
untuk sampel beli 4 dapat harga segitu wortit polğŸ‘ğŸ¼,2
Kirain Sebotol gede tryta kecil mungil,1
Kecewa... Yg dateng satu doang... Kirain 5...mending beli yg lain,0
"baunya harum, sy suka",2
Wangi,2
Kirain yang Dateng besar ternyata barangnya kecil imuttt,1
"Di luar ekspektasi, iklan parfum 100 ml, yg datang 2 ml",1
"Udah terlanjur beli nyesel sih karena cuma botol semungil ini, karna pas checkout kurang teliti di iklannya yang dipajang botol ukuran 100 ml.. buat pembeli yang lain harap diteliti dulu sebelum membeli supaya tidak seperti saya",0
Paket sampai dengan baik pengemasan rapi  serta kurir yang ramah dan baik,2
Ukurannya kecil bgt ...waktu Nerima barang nya bikin ketawağŸ˜„ğŸ˜„ğŸ˜„,0
kyk bukan farfum pliss jlk banget kyk ji suntik datang,0
Wangi,2
Aku kira pakai botol besar Utamakan membaca sblum cek out,0
"Gara2 ga baca skrip nyampe kelar ,,kirain Fress yg 100 ml trnyata cuma sample ğŸ˜,,,",0
"Gk sesuai gmbar, kecewa berat,jualan kog nipu kasian pembeli sama2 cari uangx susah, klau jual yg amanah dong, sblm beli d lev vidio besar stlh d krm botol kecil,gk amanah sekali smga qw yg terahir beli d sini",0
Wkwkwkw sampel 2 ml ternyata,1
sangat kecewa tak kira parfum kayak aslinya.tibae cuman sample nya aja,0
berukuran kecil mudah dibawa,2
konsistensi yang baik,2
wangi dan menyegarkan,2
bagus,2
Y ampun kirain sy bnran tu mnyk wangi y yg biasa sy beli g tau y cm sample...sy GX baca lg...,0
ukuran kecil,0
sangat tdk puas saya kira botol fres yg dtng kecil,0
pas,1
"Baru pertama kali ikutan War harga murah, dengan harga 3000 malah dapetnya parfum semini inii. Kenapa hal ini harus berbohong sii. Klo emang gak mau rugi gak usa di kasi harga murah",0
Barang sudah sampai dan sesuai dengan pesanan terima kasih,2
pas,1
"Paket sesuai pesanan,, isi 2 mili ,, toko amanah,, kurir ramah,, terimakasih",2
Barang sesuai pesanan dan mudah dibawa memiliki aroma yang sangat harum dan menyenangkan selain itu harga nya juga sangat terjangkau,2
Katanya parfum fresh natural botol 100 Mili malah yang datang kecil segitu..mana PO lama banget gak amanah menurut aq,0
Barangnya nyampek ternyata yg nyampek cuman tester simungil,0
Bagus sekali terima kasih,2
Sesuai harapan,1
Barang sudah sampai dan sesuai dengan pesanan terimakasih,2
tidak cocok dengan gambarnya jangan beli di sini nyesel aku,0
Tidak amah jangn ada Yaang mau bli LG di sni..pembohong..semoga toko nya CPT tutup.pesen minyak wangi yg gde dtng nya yg kecil Kya upil..,0
harum,2
"Akhirnya dtang....kecil ternyata ğŸ˜..kirain besar,,,tp wangi kx... sesuai harga 4000 dpt 2... terimakasih",1
Hadech ketipu aku kirain farpum nya gede tau nya sak util gkgkgkgk pengen ketawa lucu DECH udh PO sebulan tau nya sak uncrit huhuhu,0
barang tidak sesuai mohon tanggapannya nyah,0
Ini jual produk palsu  penipuan d iklan ,0
"Ga fokus dapet sempelnya doang,kukira sebotol fress",0
Cair kecil kuecil mungil  sekali aku salah klik cek out lho aku,1
Kirain saya 1000ml ternyata 20ml,1
"Po nya lama kaya pesen parfum premium padahal yg dtg se upil ğŸ˜ƒğŸ˜ƒğŸ˜ƒ, ku fikir krn diskon ternyata emang versi sachet ya salaaaammm",0
baik,1
ni bibitnya tk kirain udk kayak biasanya pki botol. Makanya harge murah ğŸ¤­ğŸ¤£ğŸ¤£ lama pengirimannya mau 1 bln sdh tk batalin karna saking lamanya e... kok msh d kirim jg,1
Aku kira minyak wangi fresh yg besar ternyata pas datang ukurannya sangat kecil banget,0
Kecill lucuu ih tapi tutup nya kurang estetik tapi it's oyak gampang di bawa ke mana mana ga makan tempat,1
wangi nya enak cuman ukurannya doang terlalu mini,1
ukurannya mini aku kira yg 100 ml eh malah tester 2 ml,0
Barang sesuai,1
sangat wangi dan enak,2
berukuran kecil dan mudah di bawa,2
Alhamdulillah paket sudah sampai dengan aman dan lama,1
kecil trimkasih brang sdah sampai,1
wangi,2
kecil mudah dibawa,2
mudah diaplikasikan,2
lumayan wangi harga murah kirain fres yg ukuran besar 100 ml trnyata kecil banget sejari kelingking,1
kecil,0
lumayan wangi,2
maaf kirain ukuran yg brsar. kecewa saya tau nga sih,0
Aroma enak tpi kecil banget,1
"sangat sangat wangi d pakai seminggu nggk hilang aroma wanginya,mw oerder lagi ug buanyak",2
kecil dan mudah di bawa,2
berukuran kecil dan mudah dibawa,2
"beda yang saya pesa, beda lagi yang sampai, kecewa bangat",0
Pengiriman paket cepat,2
Bentuk parfum mini bisa d simpan d saku celana tas baju,2
Gak nyoba males banget.,0
Kemahalan. Q kira dapet yg besar Ter nyata kecil banget,0
Tak kira ukuran nya besar .kaya parfum pada umum nya,0
Ternyata cuma tester nya ajh.. astaga,0
Alhamdulillah terimakasih Kaka barangnya sudah sampai. Next order lagi yaaa thankyou..,1
"Gak baca deksripsi dulu kaget pas dtng ko yg begini kirain yg di gambar, tpi kecilÂ² cabe rawit wangi meskipun sample nya juga, mksh",1
Tk kira besar ukuran 100 ml ternyata 2 ml. Akibat beli GC baca deskripsi dulu,0
Barang nya udah datang tapi kecil kecil tak kirain botobesar,1
Sesuaikan dengan yg di gambar dan iklannya..Biar orang gk kecewağŸ«¢,0
berukuran kecil mudah dibawa,2
lembut dan mudah diaplikasikan pada kulit,2
memiliki wangi yang menyenangkan,2
kecil bangt,0
sangat wangi sih,2
"Salah liat , main co aja , yg dtg kecil sekali",0
ngga baca kalo itu cuma samplel plisğŸ˜­ğŸ˜­ aku kira itu besar jadinya aku beli dua tapi gapapa ini kesalahan ku,1
dak sesuaiiiiii bukan minyak wangi yg di kerem kecewaaaaa niannnn,0
Nggak tahan lama,0
sangat kecil,0
cairan sprti air,1
biasa sesuai harga,1
berukuran kecil dan mudah di bawa,2
cair dan tidak lengket,2
memiliki aroma yang wangi dan menyegarkan,2
Katanya po 30 hari.tapi baru berapa hari udah di kirim.udh lama ngirim ya.,1
berukuran kecil dan mudah di bawa,2
tekstur bagus,2
memiliki aroma yang harum,2
kecil sekali sesui hargağŸ˜‚,1
cair,0
wangi,2
Bagus dan cocok barang nya dan harganya juga lumayan bagus dan saya sangat menyukainya dengan barang nya dan dan saya sangat puas dengan barang nya,2
Kirain satu botol ternyata kecil cuma berapa mili kecil banget,0
Jangan salah baca ini sample (kecil banget),0
kecil banget,0
makasih paket sudah sampai dengan aman,1
Tidak sesuai pesananğŸ¤¦â€â™€ï¸ğŸ¤¦â€â™€ï¸ğŸ¤¦â€â™€ï¸saya menyesal sudah pesen di toko ini ğŸ¤¦â€â™€ï¸ğŸ¤¦â€â™€ï¸ğŸ¤¦â€â™€ï¸,0
Memiliki wangi yang menyegarkan,2
Tekstur cair,2
Berukuran kecil dan mudah dibawa,1
ukuran lebih kecil tidak sesuai ekspektasi,0
membosankan udah PO pula,1
Tidak sesuai deskripsi,0
wangi yang menyenangkan,2
berukuran kecil,0
Parfum mini di kira botol sedang,1
Pengiriman cepet,2
Untuk aroma enak si tpi gak sesuai yang saya harap kanğŸ˜¥ğŸ˜¥ğŸ˜¥ğŸ˜¥,1
Bagus semangat untuk bekerja keras,1
Pesen 2 yang datang cuman 1 aja,0
"Minyak wanginya sudah sampai kak, sukses selalu seller and shopee.. Makasih ya ğŸ™ğŸ¼",1
Salah persepsi saya kira 1 botol parfum ternyata kecil banget,1
Paket sampai ternyata tidak sesuai barang sangat kecil tidak sesuai harapan kenapa yang perlihatkan besar ternyata datangnya kecil,0
Kirain yg fres gede taunya yg kecil yg dateng,0
Barang tidak sesuai,1
Kecewa ku kira besar ternyata kecil,0
Sesuai pesenan,1
Kirain gede ternyata cm tester,1
Knpa datang nya mini bagettttt ..kecewa mana lama baget tdk sesuai ekspektasi pokonyah,0
Kemasan mungil sekali kirain sebesar botol fres gak sesuai gambar,0
Makasih barangnya sudah datang dengan kondisi baik ğŸ‘ğŸ‘,1
Wangi dan harumnya awet dan tahan lama,2
bahan lembut empuk tidak bikin sakit,1
Makasih,1
Barang nya baru nyoba pas di buka lucu,1
"Makasih kak, paket sampai",1
Promonya parfum satu botol gt eh ternyata cuma tester ah ya udahlah untung harganya murah ğŸ˜,1
Terima kasih buat shopee. Buat tokonya sangat kecewa tidak sesuai pesanan. Semoga bisa amanah ya.,0
Astagfirullah tidak sesuai pesenan tidak sesuai gambar baru kali ini saya belanja di shopee ketipuğŸ¤¦ğŸ˜­,0
Pengiriman ok kurir juga ramah,1
saya kecewa yang datang cuma botol kecil gak sesuai,0
"ku kira besar ternyata kecil amat, berasa ketipu dehhğŸ˜­lain kali di deskripsi di jelaskan cuma stempel, terlanjur beli baru di jelaskanğŸ˜ pengiriman juga lama 1 bulan baru nyampe",0
sangat kecewa.,0
"Paket baru tiba hampir mau setengah bulan,",1
sangat tidak memuaskan sama sekali dan tidak sesuai dengan yg saya pesan,0
Ternyata sak uprit ya,0
Bagus,2
Bagus,2
bagus,2
botol bukan fresh yg sesuai iklan,0
"Saya kira besar pke botol, ternyata kecil,",1
"Barang nya bagus dan sesuai,cocok di pakai tiap hari aromanya jg wangi banget.",2
Barang nya sudah sampai tapi tidak sesuai dengan gambar saat saya memesan nya.,0
Kirain botol besar ternyata kecil,0
"Tidak sesuai deskripsi, kemarin sale nya 100ml ehh yangg datengg tester nya wkwkk tapi tidak apa biar rasa penasaran kebayar ğŸ™",1
Kukira besar ternyata kecil,0
"Kirain mah gede, taunya seitil",2
Maap aku yg gagal paham kiraen parfum nya. Ternyata sempelnya,1
"Pesanan udah lama datangnya , maaf baru beri penilaian",1
Gak baca tulisan kirain parfum yang fres gede ternyata cumn sample nya doang makanya murah banget ğŸ˜­ huhu tpi ga nyesel kok soalnya wangi banget,1
Aku kira besar seperti digambar ternyata sangat sangat lah kecil sekali...,0
Baru mencobanya.. Semoga cocok dan bisa beli lg,1
Bagus,2
ga asli parfum nya ternyata bukan parfum,1
Bagus,2
"Di gmbar btol besar , GX taunya yg Dateng minii,  kepincut promo discount ternyata GX. Sesuai yg d pikirkn  , y dhlah GX lagi up, kurir ok baik",0
toko ny ga jelassss,0
ukuran sangat mini,1
wangi,2
Toko tdk amanah katanya minyak wangi dress ternyata dikrm sprt itu... Jangan percaya,0
Kecewa kecil banget harga nyah mahal GK sesuai di poto,0
"Barang palsu, Tidak sesuai deskripsi",0
"Di kira parfum nya yng uk sedang separti di gambar ,.. ech ternyata uk kecil banget di luar dugaan..",0
"Walaupun kecil banget, tapi ini wangi kok heheğŸ™‚â˜º",1
Kecil banget produknya kak,0
Mantapp baunya,2
kecil,0
Kecewa,0
"Buat seller pliiiss kasih keterangan sejelas mungkin diproduknya,kukira lagi promo fresh & natural parfum seharga 3rb perak 100mL, E ternyata cuman sebotol mini,berasa dikasih sampel berbayar gak sihğŸ˜‚",0
Saya suka,2
Mas kurir baik,1
"Makasih mas kurir, sophie n tokonya",1
Success semuanya ya,1
Alhamdulillah.. pesanan sudah datang,1
"parfum tahan lama wangi banget cocok buat harian, dan ramah dikantong",2
"Q kira ukuran besar,trnyata se mungil ituğŸ˜",1
Mf kk kl jual yg amanah dong..nunggu lma2 dtangnya gk sesuai..kecewa bgt,0
Tak kirain yang besar saya ikut PO kecewa datangnya yang kecil tapi harum banget sihh,1
Pengiriman sangat lamaa,0
"Mantap wangi,,,",2
wangi tp kemasan terlalu kecil,0
kecil bgt,0
terlalu kecil,0
wangi segar yang tahan lama,2
udah bela2in beli bnyak..nggunya lama..yg datang cm 1tetes doang di pakking,0
Sy kira besar kayak di iklan yg di tampilkan ternyata sak uprit,0
kecil,0
harum,2
Harum than lama,2
Aromanya enk tp g sesuai dgn yg ada digambar,1
Ini toko penipuan pesen apa di kirim ap,0
"bagus kmasan ya tapi kecil ,poko ya top wanggi nya mantap",1
mini sekali karena biang nya wangi ok lah ğŸ‘,1
saya kira besar. eh ps datang kecil,1
Ga jelas ga sesuai,0
kecil bgt nunggu berhari hari dateng kecil bgt,0
nggk sesuai ekspetasi yng dividio botol besar tapi yng datang botol kecil banget,0
Tidak sesuai deskripsi,0
Wangi bener,0
sangat kecil tidak sesuai dengan apa yg saya pesan,0
aromany wangi,2
ukuran lebih kecil dari yg di promosikan d vidio,0
Tidak sesuai deskripsi,0
Hoax inima Dateng nya kecil bangett,0
Nyesel banget ku kira besar kyk yg di toko trnyata kecil bnget,0
Paket sdh diterima saya kira ukuran 100 ml ternyata tester nggak baca deskripsi nya ğŸ¤¦â€â™€ï¸,0
Terima kasih kk meski kecil tp wangi kok parfumnya ğŸ‘ğŸ™,1
Barang datang tidak sesuai dg apa yg di promosikan d vidio,0
Munurut sy tidak sesuai ekspektasi bgt,0
G sesuaiiii,0
"Ternyata cuma taster ihhh piye to, aq g baca lgi, mana mahal"" lagi aq beli tapi gapapa lha, Sesekali rugi, kirain yg botolan 2 gitu, ternyata tidak",1
"sumpahh ini penipuan njirrrr, masa yg dateng minyak wangi yg kecil banget 5ml ada kali tu",0
Terlalu banyak alkohol nya,1
Dikemasnya lama pelayanan ny jelek orang nya gak asik kasar banget kalo kurirnya ramah banget,1
Kurang sip,0
Minyak wangi sangat kecil...dan campuranya ngak ada ...jadi sia sia dehh,0
Harum... Saya kira botolnya besar ternyata kecil banget,1
Lebih baik,2
"Barang nya kecil,,tpi wangi bngt",1
Kecil imut wangi bnget biangnya,2
tidak sesuai ekspektasi  pedagangnya tidak amanah,0
Salah pesen barang,1
Tak kirain botol besar g tau botol kecil.....tapi itu salah q yg g lihat kalau itu cuman Sampel,1
Lumayan kecewa si yg datang barang ta sesuai,0
"Astaga niat banget nipu nya, semoga berkah itu uangnya",1
harum tp terlalu kecil,1
Makasih seller barang sesuai,2
"Kira'in parfum fres kemasan botol besar ,trnyata cumak samplenya aja ,mungkin aku nya aja yg kurang teliti bacanya",1
"Barang sudah sampai,,cuma GK sesuai dengan gambar,dgambar fres yang datang tanpa merk kecil pula.",0
Baca dulu ulasan sebelum membeli ternyata itu bener y kirain di kirim 2 botol 100 mil ternyata botolnya seuprit,1
sangat kecil,0
tidak sesuai pesanan digambar besar yang datang sangat kecil,0
Ternyata dikit banget yaa,0
Tidak sesuai tak kira fres besar dapatnya kecil,0
harum tpi gak tahan lama,1
Ini kami sudah nipu kalau gak ada barangnya gak usah di kirim aja mas kasian orang yang kamu nipu,0
Tidak sesuaii memang hrga murah tapi kan aku dapat vocer kenapa yg datng kayak ini,0
mini,1
q kira ukurannya botol parfum yg kayak di video ternyata mini banget kecewa sih tp GK apa2 yg penting wangi...,1
"Sesuai, amanah",2
kukira besar ternyata mini bangettt ğŸ¥² tpi aromanya wangi kokk,1
"HahahhhğŸ˜‚sudah ku duga barang yg dateng pasti beda, dan yaaa terbukti dehğŸ¤£",0
"pengiriman ny lm bgt anjir pesen tgl 25 agustus, datang tanggal 7 sepetember",0
Gambar hanya sebagai pemanis sumpah mending ga usa beli yg di kirim 2ml gila,0
"Tidak sesuai ekspektasi, barang yang datang sangat sangat kecil",0
Di iklan besar yng datang kecil gimana sih,0
GK puas dengan produk nya karna GK sesuai pesanan dan gambar,0
ini parfum tidak selalu dengan ekspektasi saya saya kecewa sekali tolong dong klo mau jualan yang bener,0
Jgn beli ke sini orangnya gak amanah,0
dapetnya malah botol kosong,0
Pokonya MH toppp deh,2
baguuus kecil mungil wangi trima kasih,2
Paketan udah nyampek GK nyangka ya kecilbanget salah ni q kayaknya,0
ga sesuai dengar yg dijual .dikira besar farfum botol besar eh knp yg Dateng kaya gitu botol y kecil,0
gak sesuai ekspetasi iku parfum model op kyok Kispray ğŸ˜®â€ğŸ’¨,0
Kecil bngt farpumnya,0
Sekali pakai lngsng abis,1
miniii bangetğŸ¤£,1
Ingat parfum yg besar.taunya kecil sekali,0
"barang tk sesuai foto, nyesel sudah beli meskipun dapat harga murah , yg di beli apa yang datang apa",0
"Barang palsu, Kualitas buruk",0
"lebih kecil, tidak sesuai dengan gambar maklum cuma 8000 saja 3 botol",1
"harum cie, tidak sesuai ekspektasi",2
"Tidak sesuai foto. Mengeco. Sya pikir memang promo ternyata tidak. Burukk sekali, mikir2 lagi kalau mau beli d toko ini.",0
Aku nyesal sekali mending langsung beli di pasar,0
"Pesanan sudah sampai pengiriman cepat sempat kaget karna barang yang datang tidak sesuai dengan pemikiran q,saya kira parfum BTS yang kmsn besar 100ml ee ternyata kmsn kecil bngt 2mlğŸ¤¦",0
wangi banget eh aku salah liat tadi nya aku pikir yang sedang ternyata kecil bangt salah liat bangt,1
"Q kesini gara"" nggak fokus baca kalo ternyata ini sampel makanya kok murah banget..q dapet 2 botol kecil kemasan 2 ml ",1
Tolong ft atau video yang di terapkan untuk promosi sesuai dengan yang di jual kan,1
Dikira ny ukuran biasa JD kecewa ternyata repil nya aja,1
Saya kira harga murah karna dapat diskin eeeehhh ngak taunya yang datang parfumnya kayak lidi,1
Pesan apa datang apa. BnerÂ² tertipu dengan harga yg murce,0
Sangat tidak sesuai,0
Wanginya pas,2
Sangat kecil sekali sample parfumnya.. Biarlah bintang yg berbicara,0
Paketnya udah nyampek terimakasih untuk Abang kurir nya maaf tadi membuatnya bingung ğŸ™ğŸ™,0
"Barang palsu, Tidak sesuai deskripsi, Kualitas buruk",0
iklan nya 100ml yang di kirim 2 Mili gimana sih gak jelas,0
"Kaget juga, kirain botol gede. Ternyata cuman sample ğŸ˜‚ğŸ˜‚ jadi ngakak",1
Ternytaaaa dptnya seuprit.,0
Ukuran kecil GK sesuai ekspektasi,0
Maaf yaaa aku kasi bintang 1 sumpah sangat mengecewakan banyak yg kena tipu sama postingan ini ...sudah mesen nya lama banget bikin penasaran pas Dateng imut banget,0
"Barangnya udah nyampek, cuma sayank sangat kecewa banget , review nya parfum fres n natural botol besar ukuran 100 ml tpi yg datang botol kecil ukuran 2ml,",0
"Toko e gak amanah , cari uang yg halal kak biar gak bikin kecewa hati orang, gak barokha",0
"terlalu kecil, tidak sesuai harapan",0
Barang tidak sesuai dengan gambarnya sudah nunggu lama tapi tidak sesuai dengan gambarnya,0
Trimakasih atas pengiriman barang nya,1
pengirimanya lama,0
Kecewa sihh,0
Ternyata mini banget seperti sempel doang,1
Kecil tidak sesuai difoto,0
"Yg diiklankan apa.... Yg datang apa ... Kecewa banget tidak sesuai deskripsi ,,, kecewa yg kedua kalinya belanja di shoopee , mohon perbaiki lagi kualitas jualannya",0
Kecil banget,0
Gk sesuai spektasi,0
"Po  1 bulan di gambar ukuran 100 ml eh yang datang sampel duh kecewa banget, klo ukuran kecil harus nya g pake gambar fres yang botol 100 ml",0
"Ku kira dapat parfum + botol seperti di deskripsi , ternyata hanya bibit parfum nya saja , mana isinya sedikit banget ğŸ˜ª sangat kecewa deh pokoknya ğŸ˜¤ toko gak amanah",0
apa ini bang ko parfumnya kecil bngt ga sesuai sm difoto tak kira apaan tdi paket datang katanya parfum tp kecil bngt lah ternyata segini ya wajar si 2k mau berharap apağŸ˜‚,0
Kecewa barang lama datangnya ngikutin live Krn harga murah ternyata barang sama sekali gak sesuai,0
Sudah di batalkan tp tetap di kirim ... Pdhal pre-order loh masih skitaran 1 bulanan ğŸ˜‚ dan pmbatalan juga dpt sehari di batalkan tapi tidak di konfirmasi malah di kirim.. selebihnya tidak apa2 semoga barokah berkah dalam berjualan ya ....,0
"Bagus wangi kecil.....,...harum yang lembut",1
Tidak sesuai ekspektasi kukira besar eh dah Sampek kecil mengcewa kan banget ğŸ˜”ğŸ˜”ğŸ™‚â€â†•ï¸,1
Tidak sesuai ekpetasi sangat mengecewakan...,0
Botolnya kecil banget dpt harga 5000 TDK sesuai bayangan,0
ga amanah toko nya pesen nya apa dikirim nya apa ,0
minimal amanah!!!,0
Penipuan outlet ini ... Tidak sesuai dengan yg dijelaskan. Yg dijelaskan botol ukuran normal yg datang tester.,0
"Tidak ada bau, ga sesuai harga yg gede aja harganya ga sampe 10 rb masa ini kecil banget 6 rb",0
Gak ekspek bakalan sekecil ini.,0
Barang datang tidak sesuai dg ap yg d promosikan d vidio,0
"Kemasan sudah terbuka, entah yang buka siapa, males jadi nya",0
"sangat kecil, tidak sesuai gambar",0
ukurannya kecil banget,0
Gak cocok yg di pesan apa yg dikirim apa kalau gak niat kasih harga murah gak usah jualan dengan harga murah tpi yg datang tidak sesuai,0
GK sesuai pesenan kecewa,0
kurang wangi,0
terlalu kecil,0
alau mau nipu jangan begitu bikin kecewa mending dikasih hrga sesuai normal aja toko anda tidak berkah membohongi banyak orang,0
ukuran kecil banget,0
"Kualitas buruk, Barang palsu, Tidak sesuai deskripsi",0
"Udah sampai paketanya tapi gak sesuai dengan gambar, pesenya parfum merk fres",0
Datengnya parfum gak jelas tanpa merk,0
"Tokonya gak amanah,sangat kecewa belanja di toko ini",0
"Pesan udah lama ga di kirim"" di batalin ga bisa. Di chat ga di bales Dan tiba""sekarang paket sampe. Ga rekomen banget ini toko ga niat jualan!!!",0
Mahal di ongkos,1
"bukan parfum fress yg dikirim, tp cm Parfum biasa yg berisi dua tetes. gk amanah ni toko",0
kurang wangi,0
aku kira ukuran nya besar g thu nya kecil banget,0
Sayang sekali tertipu gambar... ,0
Aturan jangan pake gambar produk yg besar kak...,0
wangi,2
Barang tak sesuai yg di pesen apa yg datang apa,0
sangat lembut,2
berukuran kecil,1
berukuran kecil dan mudah dibawa,2
sangat lembut,2
wangi menyegarkan,2
Kecewa Seller Tidak Amanah ..Kirain Farfum Besar Benar 100ml tapi sebesar korek Api,0
nyaman tapi cepat hilang,1
"Tak kira ukuran nya sesuai gambar, ternyata sangat kecil.. semoga bisa lebih baik lagi.. terima kasih.. mungkin AQ yang tidak teliti...",1
"Yang dipesan apa,yang dikirim apa, udah prosesnya lama yang dikirim tidak sesuai..yang dipesan minyak wangi fresh 2 botol yang dikirim gak jelas",0
"KECEWA .saya kira yg dtng parfum fresh seperti yg di iklan . Eh ternyaata malah botol mini yg isinya gtw apa gak ada wangi ""nya sama sekali..yg di tunggu in lamaaa banget tau"" datangnya mengecewkaan ..",0
kecil ternyata yg paling ditonjolkan di foto botol besar ternyata kecil,0
Tidak sesuai deskripsi,0
Kecewa kirain besar ternyata kecil banget.padahal yang difoto gambarnya besar.,0
"wong d vdio ajah kyak yg sya fto itu, trnyta datangnya mlh kecil se upill....",0
Tidak sesuai harapan,0
Kirain yg datang fresh botol ternyata kecil banget nggak wangi lagi,0
Semoga jdi pljran buat yg punya toko tdk amanah  gk sesuai d gmbr. Sya doa kn smgha toko y bkl ada yg nipu balik. Lw jualn yg amanah. Jgn prnh mau blnja d toko ini krna tdk sesuai.,0
Ternyata kurang teliti baca deskripsi. Aku kira yg promo parfumnya seperti di foto ternyata bagian kecilnya.,1
barang g bagus mengecewakan pas pesen mh perasaan100 ml ko dtang cma 2ml,0
"Paket tetap di terima dg baik, walaupun isi TK sesuai harapan.",1
wangi nya tuh ga bikin pusing,2
Sample minyak yg dtg kecil bgt ukuranya se jari kelingking.tp harum,1
Salah baca. Kirain 100ml. Ternyata tester,1
pecah di jalan ,0
"Kalo jualan yg amanah,minyak 2ml di jual ga amanah bnget toko nya",0
TOKO INI TIDAK ADA AMANAH,0
Yg dikirim tidak sesuai dengan deskripsi ğŸ¤£ğŸ¤£ğŸ˜¡,0
Wangi bgt,2
sungguh kecewa karna sangat kecil tidak sesuai cmn isi 2 ml,0
sungguh kecewa karna sangat kecil tidak sesuai cmn isi 2 ml,0
kiran yang ukuran biasa x ternyata datang x kecil banget isi x cuma satu tetes toko x ini nggak amanah penipu toko x nggak niat jualan,0
kirain gede ternyata kecilllll bgtt,0
kecewa berat...gambar di iklannya apa..produknya apa...,0
beda jauh...iklan dan gambar sesuaikan sama produknya dong,0
cairan wangi tapi ga begitu wangi sesuai dengan harga nya,1
parfum nya wangi sesuai harga kecil ga terlalu wangi aromanya,1
"Tidak sesuai SMA di fotonya beda jauh banget..sangat kecewa banget,klu dagang yg sesuai dong SMA gambarnya",0
"Anjayyyy ku kira yg 1 botol penuh ternyata segini, pengiriman nya lama banget pula ... Ya ampun kena zonk akuğŸ¤£ğŸ¤£ğŸ¤£ğŸ¤£",0
barang ny jelekkkkkk,0
Tak kirain besar ternyata kecil mungil klu dipakek paling jadi 2 kali,0
harum banget,2
wangi sekali,2
"Pesan parfum knpa yg datang beginian..gx amanah banget si jualan nya,ğŸ˜¡ğŸ˜¡ğŸ˜¡ğŸ˜¡ini tuh apaan,udh mah kecil bangetğŸ˜¡ğŸ˜¡ğŸ˜¡ğŸ˜¡",0
harum,2
kecil bnget ga sesuai,0
Minyak segitu mana bisa buat minyak wangi,1
ini itu bukan minyak tp mainan,0
Sangat kecewa,0
"Astaghfirullah kukira farfum botol ternyata bibit farfum, keterangan nya gk ada, cuma gambar farfum botol,salah alamat akuğŸ¤¬ apessssssss",0
GK sesuai gambar ukuran kecil kirain miyak fres yg besar yg dteng kecil bgt,0
kecil bangeeeeeet,0
Udah lama pengiriman y tidak sesui ekspetasi ğŸ¤¬ğŸ˜¡ğŸ˜ ,0
tida sesuay,0
kecill kali lah,0
wangii siii,2
wangi tahan 8 jam,2
Barang sangat mengecewakan jelek sekali saya ngak akan pernah mengulangi lagi,0
pesanan tidak sesuai,0
sangat mengecewakan,0
kecilll bngettt kcewaaaaa pkokxx,0
GK wangiÂ² amaaatttt,0
Yg di promoin bsar yg dteng Mlah scuil kecewaaaaaa,0
"Jgn beli di toko ini, yg dteng palsuuuu",0
Palsuuuuuuu,0
kecil dan mudah di bawa,2
harum dan menarik,2
"Kirain yg botol ternyata cuma testernya doang,kirain ada promo makanya lngsung cek out,bodohnya GK baca dulu brpa mlğŸ¤¦..kecewa sihğŸ™,tapi gpp lah,mau gmna lagiğŸ™ğŸ™mana pengirimannya lama bangettttt",0
"packingan nya aman bgt, trs jg wangi cocok bgt kl lg nyari parfume yg murce tp kualitas nya no murahannn..",2
Aku sukağŸ¥°ğŸ¥°,2
 memenuhi standar yang d harapkan,2
 produk ini layak mendapatkan bintang lima,2
"bukan mau menjatuhkan siapa pun tpi ga espek aja klo pas dateng tutupnya udh clemong"" kek bekas,terus pas dibuka itu di bagian semprotan nya udah gabisa++ kotor kek ada bekas tanah gitu, dan didalam parfumnya ada sehelai rambut gitu lumayan panjang lagi",0
"Barang palsu, Tidak sesuai deskripsi, Kualitas buruk",0
botol lecet2 dan aromaanya bikin pusing parah,0
"wanginya soft tapi tahan lama, jarang2 parfum begini deh",2
"wanginya soft tapi tahan lama, jarang2 parfume begini ğŸ¤­",2
"bener2 mirip sama parfume branded, jatuh cinta dari pertama semprot ğŸ˜¡",2
"semprotan macet, cairannya keruh, ga layak dipake beneran",0
": buruk sekali emang dikirim ya 2 tapi gak wangi sama sekali cuman warna airnya aja yg aja harum ya gak ada air aja kyk biasa ,botol ya pun banyak debu ya gak kyk baru sama sekali emang harga ya murah tapi gak sesuaiğŸ™„ğŸ¤”",0
"oke aja sih, ga jelek tapi ga bagus banget juga beneran",1
"bau nya ga enak sama sekali, nyesel beli asli",0
"parfumenya wangi bgt, awet seharian bikin pede jalan keluar beneran",2
"bener2 mirip sama parfum branded, jatuh cinta dari pertama semprot deh",2
botol lecet2 dan aromanya bikin pusing deh,0
kaget sih ternyata sebagus ini padahal beli murah parah,2
barang ori palsuu kw,0
"Barang palsu, Tidak sesuai deskripsi, Kualitas buruk, Barang rusak",0
"Barang palsu, Kualitas buruk",0
"Barang palsu, Kualitas buruk",1
Kirain murah karna diskonnya ternyata tidak sesuai tidak seperti evangeline asli udah gitu beda varian lagi waduh gimana ya ini,1
"merk yg dikirim tidak sesuai dengan yg ada di etalase, toko nya ga amanah",0
jelek,0
kurang enak,0
"Kayak barang lama jelek, cair bangett kyak shampo dikasih air, sangat sangat not recommended ğŸ¤¨ nyesellll....",0
barangnya kw bukan evangeline yang asli sehingga aromanya tidak seperti biasanya yang saya beli,0
tidak enak,0
"Kualitas buruk, Tidak sesuai deskripsi",0
gakk bangett,0
"sumpah yaa kalo jualan jangan nipu dong, pake botol bekas tutupnya pada rejek udah gtu ada tutup nya oke tutup parfum octarine, gila emang yaa jualan bkin rugi orang cuma mau untung di diri Lo doang varian black opium sama scandalnya beda jauh bgt sama merk lelabo yg asli hrganya sama, ini si bukan lelabo yg di kirim bnrÂ² beda semuanya dari aroma merk botol pun pakai botol bekas fix kasih bintang 1 si mana bukan buat gue itu titipan orang semua gila, yg black sakura pun penyemprotnya ga berfungsi baik aromanya beda jauh ah kacau semuanya",0
"Kualitas buruk, Tidak sesuai deskripsi, Barang palsu, Barang rusak",0
tidak seperti nama yg tercantum pada botolnya,0
kecewa bngt wangi nya ga kaya wangi yg ku bli di alfa,0
GATAU LAGI DAH MAU KEMBALIIN AJA,0
"Barang palsu, Tidak sesuai deskripsi, Kualitas buruk",0
engga enak engga kerasa bau nya,0
pengiriman cepet baru kmrn pesen ini sdh sampai tapi kok ya tega nipu orang itu mah bukan parfum tapi oli warnanya gak sama kayak biasanya stikernya gaada tulisan evangeline yaa JUALAN KOK BARANG PALSU PLISS JANGAN RUGIIN ORANG LAIN ,0
jangan nipu ekpetasi orang banyak diluar sana yang mengeluarkan harga murah tpi nggak nipu jujur kecewa bgt wanginya wangi tanah disemprot ngga bisa,0
tidak tahan lama,0
tidak bagus dan tidak sesuai ekspektasi beli 2 yang dikirim cuma 1 gimana sih ga mau tau uangnya harus diganti mana itu uang hasil kumpulÂ² uang saku lagi.! udah kek gitu produk nya kotor lagi kek barang simpanan udah lama gimana sih ga niat buat jualan???,0
"barang palsuu, kirain harga promoo, taunya produk palsu, packaging buluk, baunya kayak cuma pake molto dicampur air",0
aroma comberan nyengat bgt di hidung ğŸ˜­,0
jelek buruk palsu jangan ada yang beli plis jngn smpe ketipu ckup ak aj,0
"asli busuk, lebih mirip pewangi ruangan murahan asli",0
"ya sesuai harga, jangan terlalu berharap lebih ğŸ¤­",1
"sumpah ini palsu, isinya kaya air doang banget sih",0
masih oke buat dipake sebentar keluar rumah parah,1
produk sesuai deskripsi tapi ga sebagus bayangan ğŸ˜¡,1
"meski murah tapi kualitas ga murahan, top banget banget sih",2
"bener2 mirip sama parfum branded, jatuh cinta dari pertama semprot parah",2
 tidak sesuai,0
bagus di bagus tapi knp debu semua,0
" Barang rusak, Kualitas buruk, Tidak sesuai deskripsi",0
"Kalau jualan yg jujur dong masa iya barang baru tutup kek gitu trs tutup tidak lengkap ??? Sangat kecewaa barang debu semua tidak logis bangett , jualan yang jujur dan amanah ya kakak",0
cukup buat koleksi parfum murah beneran,1
"botolnya kotor banget, kyk barang bekas parah",0
kaget sih ternyata sebagus ini padahal beli murah beneran,2
"kemasannya aman bgt, barang sampai mulus, puas deh",2
wanginya enak banget sampe temen2 nanya beli dimana deh,2
"asli busuk, lebih mirip pewangi ruangan murahan ğŸ¤­",0
"pengiriman cepat tapi produknya ga sesuai, kecewa beneran",0
kaget sih ternyata sebagus ini padahal beli murah beneran,2
yaudah lah ya sepadan sama harganya,1
"semprotan macet, cairannya keruh, ga layak dipake deh",0
"botolnya kotor banget, kyk barang bekas ğŸ˜…",0
"langsung jadi favorit, pasti beli lagi nanti deh",2
wanginya enak banget sampe temen2 nanya beli dimana parah,2
"ya sesuai harga, jangan terlalu berharap lebih ğŸ¤­",1
"Kalau jual yg pinter,msak btolx karatan,,kan paz jdi tau klau parfum bo'oganğŸ˜¡ğŸ‘Š",0
"harga emg segitu tapi niat dikit kek tutup nya aja bekas gitu didalem minyak wanginyaa banyak kotoran, langsung ku buang tu minyaj wangi",0
"Kualitas buruk, Tidak sesuai deskripsi",0
"oplosan bejirr, aku selalu pake parfum ini, wanginya ga gini",0
jelek,0
": Barang palsu, Barang rusak, Tidak sesuai deskripsi, Kualitas buruk",0
"penipuan, oplosan, tutupnya aja beda, wanginya beda bgt",0
"Barangnya tidak ori, wangi sih tapi bekas dan klo di aplikasikan di baju jadi ada warna hitamnya",1
Barang palsu,0
" buruk,spertinnya brang sudah kadaluarsa,tetapi tanggalnya di samarkan,expayet 2023.barangnya panas terkena kulit",0
tidak sesuai yang di harapkan,0
Ini sepertinya penipuan. Aku kira yg biasa aku beli bener2 diskon. Ternyata emang palsu. Dari botolnya sprtinya botol bekas terlihat dari tutupnya. Dan ngambil merk sprt yg harga mahal.,0
 tidak bertahan lama tidak sesuai dengan nama,0
air parfum kotor,0
"barang tidak sesuai gambar, tutup kotor, sprai parfumny berbeda-beda dan kotor juga",0
sebelumnya mohon maaf tak kira bnerÂ² dari Evangeline tp ternyata engga,0
"wrnanya item bngt trs botolnya jg ga ada gambar sakuranya sdkit pun, tutup botolnya jg ky udh bekas, kotor. ga lg' deh beli disini mengecewakan",0
bauu kaya di campur air,0
Tutup botolnya bekas terus tidak sesuai aromanya bau kaya ada campuran air,0
" ini mah yang kW nyaa kalau yang aslinya wangiii bangttt ,ini mah ga wangiii",0
 aroma nyaa kaya minyak nyongnyongg,0
cairr bangttt kecewaaa,0
"kayaaa parfum bikin sndri tutup botolnya aja beda""",0
yang hitam aromanya tidak ada,0
"ini saya mau tnyaa, knpaa barang yang dibeli ditoko ini,sama yang dibeli di supermarket itu beda,di spray ke baju kok ada warnanya??maaf mksud saya bukan mau menjatuhkan toko ini tapi setidaknya juallah barang yang aslii jngan yg palsu,gappa harga mahal pkok aslii",0
 ga sesuai pesanan nya kecewa abisss,0
 botol tempat parfum kotor dan rusak bopeng bopeng,0
"nyesel, ini wangi nya ga nempel sama sekaliğŸ«©",0
tidak sesuai ekspektasi tutup botol nya aja beda Seharus hitam tapi dtng nya biru,0
"digambar merknya evangeline makanya tertarik beli eh ternyata dateng"" gaada merknya, barang palsu! ",0
"sumpahh ga bangett ,botol bekas udh berkarat dikasi anjir ,truss mana botol nya berkarat ,tumpahh juga tinggal separoo ga wangii aku buangg pliss busuk bangett , parfume oplosan anjirr , sumpah jangan belii jelek bangett",0
"ya untuk harga 15rb mau berharap apa,keliatan bgt kw nya,isinya cmn air doang encer bgt,ga wangi sama sekali,kek sabun cair dikasih aer",0
"btw evengeline purple aroma fruit bukan sabun bro, lu mau nipu min? tp menurut gue ya sepadan aja sih sama harga 30k dpt 3 parfum.",0
"heran aja tutupan ya a, i, u, e, o ternyatağŸ¤£",1
Aku beli disni warna ungu wangi nya kaya campuran air beda bngt sm yang warna pink yang aku beli di nice so yang ungu aku beli disni kaya isi ulang air nya aja warna nya kaya isi tambahan air. Buat belajar an aja hehehhe harga murah mau yang asli hehe,1
"Kirain harga promo,, gak tau nya barang palsu,, gak wangi,,",0
Tutupnya itu entah ke gores atau gmn dari sana nya saya ga ngerti pas datang sudah seperti di video,1
Mesen nya yg pink datangnya yg merah gda konfirmasi dulu lagi ke saya penjualnya,1
 tutupnya tidak sesuai difoto dan sudah karatan jujur sedikit kecewa,0
"Wanginya ada, tapi kurang tahan lama. Buat dipakai sebentar sih oke, tapi jangan terlalu berharap lebih.",1
"Produk sesuai deskripsi, cuma varian yang datang beda sama yang aku pesan. Untung masih wangi jadi tetap bisa dipakai",1
"Kecewa banget, barang datang dalam kondisi kotor, tutup botol udah penyok, dan wanginya kayak air campur alkohol.",0
"Parfum palsu, jauh banget sama yang asli",0
"Aromanya nggak enak, cepat hilang, malah bikin pusing.",0
"ocok dipakai sehari-hari, apalagi harganya ramah di kantong.",2
"Produk sesuai ekspektasi, botolnya cantik",2
Puas banget sama belanja kali ini,2
Packingnya rapi banget,2
aman pas sampai.,2
Wanginya juga soft,2
Worth it sih buat harga segini,2
berasa beli parfum mahal,2
harganya ramah,2
ya lumayan lah buat harga segini,1
wangi nya soft bgt sumpah bikin betah ciumin tangan sendiri ğŸ˜,2
produk sesuai sih cuma kemasannya kurang rapi aja,1
"masih oke lah, meski ga mirip yang asli",1
"tutup botol udah rusak, kecewa",0
jadinya ragu mau dipake sering-sering,0
wanginya soft bgt,2
botolnya sih mulus tapi pas dicium baunya malah kayak air campur alkohol. ga sesuai ekspektasi sama sekali,0
 buat harga segini wajar sih kalau ga bisa tahan lama,1
mirip pewangi ruangan murahan,0
"asli zonk, semprotan macet, botolnya ada goresan, dan aromanya aneh banget. kayak bukan parfum, malah mirip pewangi ruangan",0
aromanya cepat ilang tapi masih mending ketimbang ga wangi sama sekali,1
bener2 rekomended,2
enak banget sampe temen2 nanya beli dimana,2
"pengiriman sih cepet ya, cuma begitu dibuka kok cairannya agak keruh gitu, jadinya ragu mau dipake sering-sering",1
. dipake sebentar keluar rumah masih oke,1
"wanginya enak banget, lembut gitu, ga nyegrak di hidung. bener-bener mirip parfum mahal padahal beli murah",1
cukup lah buat koleksi parfumm murah please,1
wanginya enakk parahhh tahan lama bgt asli,2
botol lecet2 aromahnya bikin pusing ğŸ˜­,0
produk sesuai deskripsi tapi ga sebagus bayangan ğŸ˜¡,1
"meski murah tapi kualitas ga murahan, top banget banget sih",2
"bener2 mirip sama parfum branded, jatuh cinta dari pertama semprot parah",2
"isinya ga sesuai gambar, beda jauh dari aslinya",0
"bener2 mirip sama parfum branded, jatuh cinta dari pertama semprot ğŸ˜¡",2
"baru semprot langsung ilang baunya, zonk parah asli",0
Tutup ya ko beda satu aroma ya jugak tidak terlalu wangi,1
oke parah,2
"tidak sesuai,kotor dan kayaknya sudah lama dan bekas.soalnya di tutupnya banyak goresan",0
"sangat lengket dan banyak sekali alkoholnya, bau nya seperti campuran air dan deterjen rinso plus ditambahin pewarna hitam,",0
"Ya begitulah, sangat buruk, sampai-sampai mencium aroma bau parfum nya bikin gw muntah muntah, gw gatau benda ini terbuat dari apa, ya intinya bgitulah jngn percaya lagi dengan barang murahan",0
"ngga enak banget sumpahh, pertama kali loh saya ini komplen produk pas saya beli yang asli ngga hitam banget kayak gtuh, baunya kayak parfum cowok ngga enak bikin enek terus tutup sama yang buat semprotnya itu kebesaran ngga sesuai sama yang asli mana buluk",0
PLISS JANGAN TERKECOH SAMA HARGA MUCRE INI KULIATASNYA BOONGAN GA ADA AROMANYA SAMA SEKALI BOTOLNYA KOTOR SEPERI BOTOL BEKAS,0
"Pertama, kedua beli si ga kecewa krn wanginya nempel lama,  ketiga kali nya beli kecewa banget cuma kaya diisi air doang, botol parfum nya pun jlek, berkarat, sebelah kanan ituu aku beli pertama wort it si wanginya tahan lama makanya beli lagi, tapi ketiga kali nyaaa kecewa bngtğŸ˜­ , dari isi sebelah kanan aja udh beda cerah banget, yang cerah ada semut didalem nya",0
"kualitas buruk, packaging nyaa sangatt burukk tutup yang asli itu warna hitam dan ini warna putih tutupnya dengan sudah banyak lecett dan segel di semprotan itu seperti habis dibuka stikernya punn seperti bukan tempelan pabrik. SANGATTT BURUKKK",0
" aromanya pun tidak ada, hanya seperti air dan baunya masih lebih baik pakai kispray saja",0
warnanyaa terlalu hitam tidak seperti yang asli sepertinya ini parfum oplosan,0
barang palsu dan rusak jadi wangi nya tidak sesuai dengan apa yang ada di gambar,0
standar biasa aja lah ya,1
"aromanya lembut, ga nyegrak, cocok dipake tiap hari banget sih",2
wanginya enak banget sampe temen2 nanya beli dimana ğŸ¤­,2
"aromanya lembut, ga nyegrak, cocok dipake tiap hari parah",2
"bau nya aneh banget, bukan kaya parfum malah kaya campur alkohol sumpah",0
"oke aja sih, ga jelek tapi ga bagus banget juga sumpah",1
"aromaanya lembut, ga nyegrak, cocok dipake tiap hari parah",2
"pengiriman cepat tapi produknya ga sesuai, kecewa sumpah",0
bau kaya gini masa dijual,0
palsu bgt isinya air doang dong,0
cukup buat koleksi parfum murah asli,1
"bau nya ga enak sama sekali, nyesel beli beneran",0
"standar aja sih, ga terlalu istimewa deh",1
"parfumenya wangi bgt, awet seharian bikin pede jalan keluar banget sih",2
"bener2 mirip sama parfum branded, jatuh cinta dari pertama semprot",2
"smpah ini palsu, isinya kaya air doang",0
"ga terlalu mengecewakan, tapi ga bikin wow juga asli",1
standar dong,1
"packaging rapi, barang aman sampe, puas bgt kaya gini masa dijual",2
"wanginya soft tapi tahan lama, jarang2 parfum begini beneran",2
produk sesuai deskripsi tapi ga sebagus bayangan ğŸ¤­,1
"bener2 mirip sama parfum branded, jatuh cinta dari pertama semprot asli",2
"asli busuk, lebih mirip pewangi ruangan murahan ğŸ˜…",0
masih oke buat dipake sebentar keluar rumah ğŸ˜¡,1
"bau nya aneh banget, bukan kaya parfume malah kaya campur alkohol ğŸ˜…",0
"isinya ga sesuai gambar, beda jauh dari aslinya beneran",0
langsung jadi parfume favorit tiap hari biasa aja lah ya,2
"packaging rapi, barang aman sampe, puas bgt sumpah",2
isinya parah,0
bau nya aneh kaya alkohol campur air deh,0
oke aja sih ga jelek tapi ga bagus bangett yaudah lah ya sepadan sama harganya bgt,1
langsung jadi parfumee favorit tiap hari isinya beda jauh dari gambar asli dong,2
aroma comberan nyengat bgt di hidung ğŸ˜­,0
jelek buruk palsu jangan ada yang beli plis jngn smpe ketipu ckup ak aj,0
"Barang palsu, Barang rusak, Tidak sesuai deskripsi, Kualitas buruk",0
busuk kya parfum ekspayer,0
"Gak sesuai banget nyesel senyesel"" nya. Gak berkah toko ini",0
 aromanya ga enak,0
ga sesuai dengan yang di gambar,0
wanginya banget sih,2
baru semprot udh banyak yg nanya pake parfume apa sumpah,2
"bau ga enak sama sekali, buang aja please",0
yaudah lah ya sepadan sama harganya dong,1
"murah tapi ga murahan, recommended sih sumpah wanginya bikin mood naik seharian deh",2
isinya beda jauh dari gambar asli ğŸ˜…,0
yaudah lah ya sepadan sama harganya bau nya aneh kaya alkohol campur air bgt,1
wanginya enakk parahhh tahan lama bangett,2
isinya beda jauh dari gambar asli parah,0
palsu fix ga beli lagi,0
"gak nyesel beli disini, bener2 mirip parfumee branded fix ga beli lagi",2
yaudah bgt,1
cairannya ğŸ˜…,0
baru banget sih,0
asli busuk lebih mirip pewangi ruangan murahan ğŸ˜…,0
"murah tapi ga murahan, recommended sih not bad tapi ga bisa tahan lama biasa aja lah ya",1
"aromah soft, manis, cocok buat harian dong",2
jangan nipu ekpetasi orang banyak diluar sana yang mengeluarkan harga murah tpi nggak nipu jujur kecewa bgt wanginya wangi tanah disemprot ngga bisa,0
tidak tahan lama,0
tidak bagus dan tidak sesuai ekspektasi beli 2 yang dikirim cuma 1 gimana sih ga mau tau uangnya harus diganti mana itu uang hasil kumpulÂ² uang saku lagi.! udah kek gitu produk nya kotor lagi kek barang simpanan udah lama gimana sih ga niat buat jualan???,0
"barang palsuu, kirain harga promoo, taunya produk palsu, packaging buluk, baunya kayak cuma pake molto dicampur air",0
aroma comberan nyengat bgt di hidung ğŸ˜­,0
jelek buruk palsu jangan ada yang beli plis jngn smpe ketipu ckup ak aj,0
botol lecet2 aromnya bikin pusing sumpah,0
cairannya hitam keruh fix ga ori bgt,0
bau nya aneh kaya alkohol campur air cairannya hitam keruh fix ga ori banget sih,0
"baru semprot ilang baunya, zonk biasa aja lah ya",0
"semprotan macet, cairan keruh, nyesel beli parah",0
bau nya aneh kaya alkohol campur air ğŸ˜­,0
"aromaa soft, manis, cocok buat harian banget sih",2
aromaa parah,2
"kualitas jauh di atas harga, mantap bangett biasa aja lah ya",2
ya lumayan lah buat harga segini parah,1
bau fix ga beli lagi,0
semprotan worth it banget,0
langsung next pasti repeat order,2
"baru semprot ilang baunya, zonk bau nya aneh kaya alkohol campur air ğŸ˜…",0
kurang enak,0
"Kayak barang lama jelek, cair bangett kyak shampo dikasih air, sangat sangat not recommended ğŸ¤¨ nyesellll....",0
barangnya kw bukan evangeline yang asli sehingga aromanya tidak seperti biasanya yang saya beli,0
tidak enak,0
"Kualitas buruk, Tidak sesuai deskripsi",0
gakk bangett,0
not bad tapi ga bisa tahan lama bgt,1
wanginya enakk parahhh tahan lama bgt biasa aja lah ya,2
"kualitas jauh di atas harga, mantap bgt kaya gini masa dijual",2
botol fix ga beli lagi,0
cairannya hitam keruh fix ga ori worth it banget,0
"baru semprot udh banyak yg nanya pake parfumee apa arom soft, manis, cocok buat harian sumpah",2
"baru semprot ilang baunya, zonk please",0
lumayan ğŸ˜…,1
lumayan sih tp bukan favoritku banget sih,1
asli busuk lebih mirip pewangi ruangan murahan dong,0
"packaging rapi, barang aman sampe, puas bangett next pasti repeat order",2
wanginya enakk parahhh tahan lama bgt botol kotor bgt kaya barang bekas kaya gini masa dijual,2
"bau ga enak sama sekali, buang aja bgt",0
"arom soft, manis, cocok buat harian bgt",2
"sumpah yaa kalo jualan jangan nipu dong, pake botol bekas tutupnya pada rejek udah gtu ada tutup nya oke tutup parfum octarine, gila emang yaa jualan bkin rugi orang cuma mau untung di diri Lo doang varian black opium sama scandalnya beda jauh bgt sama merk lelabo yg asli hrganya sama, ini si bukan lelabo yg di kirim bnrÂ² beda semuanya dari aroma merk botol pun pakai botol bekas fix kasih bintang 1 si mana bukan buat gue itu titipan orang semua gila, yg black sakura pun penyemprotnya ga berfungsi baik aromanya beda jauh ah kacau semuanya",0
"Kualitas buruk, Tidak sesuai deskripsi, Barang palsu, Barang rusak",0
tidak seperti nama yg tercantum pada botolnya,0
kecewa bngt wangi nya ga kaya wangi yg ku bli di alfa,0
GATAU LAGI DAH MAU KEMBALIIN AJA,0
"Barang palsu, Tidak sesuai deskripsi, Kualitas buruk",0
engga enak engga kerasa bau nya,0
pengiriman cepet baru kmrn pesen ini sdh sampai tapi kok ya tega nipu orang itu mah bukan parfum tapi oli warnanya gak sama kayak biasanya stikernya gaada tulisan evangeline yaa JUALAN KOK BARANG PALSU PLISS JANGAN RUGIIN ORANG LAIN ,0
jangan nipu ekpetasi orang banyak diluar sana yang mengeluarkan harga murah tpi nggak nipu jujur kecewa bgt wanginya wangi tanah disemprot ngga bisa,0
botol kotor bangett kaya barang bekas baru semprot udh banyak yg nanya pake parfumee apa next pasti repeat order,0
"packaging rapi, barang aman sampe, puas bangett wanginya enakk parahhh tahan lama bangett ğŸ˜¡",2
wanginya worth it banget,2
"wangi bgt, smoga betah lama wanginya",2
Tutup dalam kok berkarat kaya sudah produk lama ..,1
sangat harum tapi tidak tahan lama,1
 tutup pe buluk banget ih ğŸ˜­,0
"bagus,tapi pesan 2 satu tutupnya tidak rapat jadi tumpah",0
kurang awet baunya sesuai harga,1
 lumayan harga murah meriah,1
ok,1
"murce bgt, dengan harga segini udh di lindungi pakai bubblewrap+kardus, pokoknya okğŸ‘",2
"Harga terjangkau, yah ternyata juga ngga asli tapi masih tetap wangi harum bunga, packaging aman.TerimakasihğŸ‘",2
Gak berharap sih harganya cuma 5.000 tp ya lumayan wanginya meski gak kayak yang ori,1
ringan dan nyaman dipakai,2
wangi kalem dan menyenangkan,2
tutup sedikit karatan,2
dasar toko ya tidak amanah minyak udah hitam kyek oli motor  minyak ya sudah kedaluwarsa sudah lama msih krim tolong lebih di perhatikan kan lgi ya minyak bauk gx wangi soal ya Minya udh lama gx laku,0
wangi kalem dan menyenangkan,2
Lumayan wangi sesuai harga tapi botolnya agak kuning,1
Wanginya agak beda dari beli yang pertama ditoko berbeda,1
Paketnya sudah sampe makasihğŸ‘ğŸ‘ aku suka ğŸ˜ wangi banget,2
dibuat dengan detail dan presisi,1
"Ga da merk minyak wangi,sedikit kecewa warna minyak wangi butek,tumben kecewa  nih shopee",2
 parahhh sih ini gak bau sama sekali loh ini berasa kaya air biasa yg ada warnaya,0
"pengiriman sangat cepat dan Peking aman rapih toko amanah harga murah kualitas bagus,next beli lagi",2
"apaa'an dapet parfum palsu,gadaa wangi'nya samsek kalo di smprot bekas di jilbab dan warna hijabku putih jadi hitam PARFUM PALSU",0
harum banget + murceeee bangettt woiiii wajib beli sihhh,2
"Jangan tertipu kayak aku yah ini kw bukan ori, kalo di baju atau hijab putih jadi biru karna warna airnya hitam",0
sama seperti parfum pada umumnya,1
gak begitu wanggi dan gak tahan lama,0
"Kualitas buruk dan tidak sesuai kalo gg niat jualan jnagan jualan parfum bukan masalah harga tapi kualitas dan sangat buruk, mendingan tutup aja kasian yg lain",0
ga enak,0
tidak sesuai dengan ekspetasi,0
tidak sesui ekspetasi tutup nya bocor kecewa banget deh pokok nya,0
"cukup baik,,tapi sayang tutup nya sedikit gompal",1
"kurang wangi,dan tidak tahan lama",0
kw,0
Alhamdulillah sesuai dengan ekspektasi tokonya amanah semoga berkah terimakasih tuk toko & kurirnya udah nganterin paketannya sampai rumah,2
harum,2
"Tidak sesuai ekspektasi, saya kira parfume Evangeline asli ğŸ˜¬ ternyata KW",0
"INI WANGI GAISS, BARU DATENG DAN LANGSUNG AKU COBAIN!! WANGI BANGET BANGETTTT",2
engga wangi sama sekali ğŸ¤£,0
sangat menyenangkan dan tahan lama,2
"buruk tidak sesuai ekspektasi ,palsu",0
"yang ungu wanginya seger, biru wangi nya seperti kue, yang pink wangi nya enak banget",2
wanginya enak seger,2
sangat baik,2
teksturnya bagus,2
Memiliki wangi yang menyenangkan tekstur cair sesuai ekspektasi,2
"ni saya mau tnyaa, knpaa barang yang dibeli ditoko ini,sama yang dibeli di supermarket itu beda,di spray ke baju kok ada warnanya??maaf mksud saya bukan mau menjatuhkan toko ini tapi setidaknya juallah barang yang aslii jngan yg palsu,gappa harga mahal pkok aslii",0
baguuss baguss semuaaa,2
"ayaaa parfum bikin sndri tutup botolnya aja beda""",0
"ini mah yang kW nyaa kalau yang aslinya wangiii bangttt ,ini mah ga wangiii",0
keras,0
wangi ny kayak sabun tngn,2
nda enakk kayaa ada bau minyak,0
Tempat tutup parfumnya kotor sekali entahlah apa nggak baru tapi nggak apa-apa nggak saya kembalikan terima kasih ya,1
"lumayan wangi, dan ga tahan lama dan wangii nya tu bedaa bagett",1
"Tutup botol scarlet,baunya campuran,jangan terlalu berekspetasi tinggi untuk harga segitu",2
Wangi nya enk tpi syg ttup nya rusak dan parfum nya gk bisa di semprot,1
" cair bangett campuran air nyaa kelihatan bangett jadi kaya parfumnya 20% yg 80% nya airr, masaaa habis di semprot blum ada 5mnt hilang aroma nyaaağŸ˜Œ, terus botol parfum nya kaya bekas gituu 3x semprot lngsng macett parahh g mau keluarr parfumnya trs di bagian tutup juga lecet semuaa, udah lahh moga cepat sadar biar tidak merugikan banyak orangg",0
 ga sama seperti gambar,0
biasa ajaa,1
baunya kaya orang abiss ngerokok menyan,0
sedikit mengecewakan,1
Parfum yang sampai sedikit kotor terus parfumnya ga bisa di semprot,0
 gak tahan lama,0
enak dikit,1
ga sesuai aroma ny sama yg asli dari segi depan aja udh keliatan,0
 TDK ada,1
biasa,1
Jualan yg benar  pantas harga murah GK ada wangi nya beda yg kita beli di supermarket ,0
Nyesal .. teritup betul,0
nggk ad wangi nya,0
b aja,1
"dateng' udh bocorr ,tutup botol ya ga samaa, kaya bekasan,wangi ya ga nyengat",1
bgus,2
"minusnya gk bersih , soalnya punya aku gk bersih terus tempat jemprot atau apala itu tersumbat",1
gk wangi bau iyah,0
tidak memenuhi standar parfumny rusak,0
tidak ada aromaaaaa,0
"tidak sesuai ekpetasi maaf kak tapi tidak ada bau
",0
 gk bersih,0
bocorr ,0
engga wangi sama sekali ğŸ¤£ sumpah kyk air doang,0
"Parfum nya bikin mood naik terus, sukaaa",2
"menurutku sih lumayan, cuma botolnya kurang rapi",1
"Parfum nya bikin mood naik terus, sukaaa",2
"teksturnya cair banget, standar aja",1
"ga enak sama sekali, kaya air campur sabun",0
"ga terlalu suka, tapi bisa diterima lah",1
"Enak sih wanginya, worth it banget",2
"tutupnya rusak, botolnya kotor kaya bekas bgt bgt sumpahhh",0
"netral, wanginya ada tapi cepet hilang",1
"parfum bocor, botol lecet parah bgt bgt sumpahhh",0
"harganya murah, kualitas ya sesuai harga",1
"Packing aman bgt, langsung nyampe dan wanginya seger parah ğŸ‘ ğŸ˜…",2
"Mantap, aromanya kalem cocok buat cowo cewe ğŸ˜…",2
"YA BEGITU AJA, GA BURUK2 AMAT",1
agak beda dikit sama yg asli tapi masih bisa dipake,1
"bau kaya deterjen murahan, bukan parfum bgt bgt sumpahhh",0
"Packing aman bgt, langsung nyampe dan wanginya seger parah ğŸ‘ bgt bgt sumpahhh",2
"LUMAYAN AWET DI BAJU, JADI PEDE BANGET TIAP KELUAR BGT BGT SUMPAHHH",2
AGAK BEDA DIKIT SAMA YG ASLI TAPI MASIH BISA DIPAKE ğŸ˜…,1
"ga terlalu suka, tapi bisa diterima lah",1
"Parfum nya bikin mood naik terus, sukaaa bgt bgt sumpahhh",2
"ga terlalu suka, tapi bisa diterima lah",1
"sumpah jelek banget, nyesel beli",0
"ga ada wanginya, asli kaya beli air mineral",0
"Wangi fresh, cocok buat dipake sehari2, ga nyesel beli",2
"palsu, barang KW banget jangan beli di sini bgt bgt sumpahhh",0
"PARFUM NYA BIKIN MOOD NAIK TERUS, SUKAAA BGT BGT SUMPAHHH",2
"Lumayan awet di baju, jadi pede banget tiap keluar",2
"ga ada wanginya, asli kaya beli air mineral",0
"Enak sih wanginya, worth it banget bgt bgt sumpahhh ğŸ˜…",2
"biasa aja, ga jelek ga bagus",1
"barang ga sesuai gambar, boongan semua bgt bgt sumpahhh",0
"lumayan sih, tapi ga terlalu tahan lama",1
"Packing aman bgt, langsung nyampe dan wanginya seger parah ğŸ‘ ğŸ˜…",2
"BIASA AJA, GA JELEK GA BAGUS",1
"WANGI FRESH, COCOK BUAT DIPAKE SEHARI2, GA NYESEL BELI BGT BGT SUMPAHHH",2
"Wangi fresh, cocok buat dipake sehari2, ga nyesel beli",2
"Parfum nya bikin mood naik terus, sukaaa bgt bgt sumpahhh",2
"palsu, barang KW banget jangan beli di sini",0
"Wangi fresh, cocok buat dipake sehari2, ga nyesel beli",2
"Suka banget sama aromanya, soft elegan, tahan lama pula",2
"ya begitu aja, ga buruk2 amat",1
"Wangi fresh, cocok buat dipake sehari2, ga nyesel beli",2
"Suka banget sama aromanya, soft elegan, tahan lama pula",2
"ya begitu aja, ga buruk2 amat",1
"TEKSTURNYA CAIR BANGET, STANDAR AJA BGT BGT SUMPAHHH",1
"Wangi fresh, cocok buat dipake sehari2, ga nyesel beli",2
"GA TERLALU SUKA, TAPI BISA DITERIMA LAH",1
"sumpah jelek banget, nyesel beli bgt bgt sumpahhh",0
"Mantap, aromanya kalem cocok buat cowo cewe bgt bgt sumpahhh",2
"ga enak sama sekali, kaya air campur sabun",0
"menurutku sih lumayan, cuma botolnya kurang rapi",1
"Wangi fresh, cocok buat dipake sehari2, ga nyesel beli bgt bgt sumpahhh",2
"ya begitu aja, ga buruk2 amat bgt bgt sumpahhh",1
"palsu, barang KW banget jangan beli di sini",0
"ga ada wanginya, asli kaya beli air mineral bgt bgt sumpahhh ğŸ˜…",0
"LUMAYAN AWET DI BAJU, JADI PEDE BANGET TIAP KELUAR BGT BGT SUMPAHHH",2
"baunya aneh, bikin pusing dan enek",0
"sumpah jelek banget, nyesel beli ğŸ˜…",0
"Parfum nya bikin mood naik terus, sukaaa",2
"Parfum nya bikin mood naik terus, sukaaa bgt bgt sumpahhh",2
"harganya murah, kualitas ya sesuai harga ğŸ˜…",1
"tutupnya rusak, botolnya kotor kaya bekas bgt bgt sumpahhh",0
"ga enak sama sekali, kaya air campur sabun",0
"Wangi fresh, cocok buat dipake sehari2, ga nyesel beli bgt bgt sumpahhh",2
"Barang ori, harga murah kualitas ga murahan",2
"lumayan sih, tapi ga terlalu tahan lama",1
"PENGIRIMAN OKE, PARFUMYA SIH YAA GITU AJA BGT BGT SUMPAHHH",1
"ini sih oplosan, keliatan banget cair kaya air",0
"Packing aman bgt, langsung nyampe dan wanginya seger parah ğŸ‘",2
"Sangat baik, dari kemasan sampe isi semua oke bgt bgt sumpahhh",2
"pengiriman oke, parfumya sih yaa gitu aja bgt bgt sumpahhh",1
"parfum bocor, botol lecet parah",0
"Lumayan awet di baju, jadi pede banget tiap keluar",2
"lumayan sih, tapi ga terlalu tahan lama bgt bgt sumpahhh",1
"SUMPAH JELEK BANGET, NYESEL BELI",0
"bau kaya deterjen murahan, bukan parfum",0
"So so lah, at least ga terlalu nyengat lol",1
"Hmm agak beda sama yg asli, tp masih bisa dipake",1
"So so lah, at least ga terlalu nyengat lol",1
"Biasa aja, ga jelek tp juga ga wow ğŸ˜…",1
"KW BGT, BAUNYA KAYA AIR CAMPUR SABUN CAIR ğŸ¤¢ ğŸ˜…",0
"Buruk bgt, beda jauh dari yang ori",0
"Lumayan oke buat dipake sehari2, nothing special",1
"Ini wangiii parahh, auto jadi fav ğŸ˜ wkwk",2
"Oplosan, bau kaya oli astaga",0
"Not bad, standar lah buat harga segini wkwk lol",1
"BURUK BGT, BEDA JAUH DARI YANG ORI",0
"HMM AGAK BEDA SAMA YG ASLI, TP MASIH BISA DIPAKE wkwk",1
"Biasa aja, ga jelek tp juga ga wow",1
"Ini mah bukan parfum, bau kaya cairan pel",0
"Ga ada wanginya, cuma air doang",0
"Bikin mood naik, wanginya calming banget",2
Parfum ini vibesnya kaya mahal gitu padahal murah ğŸ«¶,2
"Bau nyegrak banget, ga enak di hidung",0
"Hmm agak beda sama yg asli, tp masih bisa dipake",1
"Wangi nya kek aesthetic cafe2 gitu loh, love it",2
"INI MAH BUKAN PARFUM, BAU KAYA CAIRAN PEL",0
"BUKAN FAVORIT GW, TP GA BURUK",1
"Agak plain aromanya, tp msh oke kok",1
"Agak plain aromanya, tp msh oke kok",1
"Netral ya, ga jelek cuman ga sesuai ekspektasi juga lol",1
"Bikin mood naik, wanginya calming banget",2
"Sesuai ekspektasi, wanginya soft elegan, cocok buat daily",2
"Agak plain aromanya, tp msh oke kok",1
"Netral ya, ga jelek cuman ga sesuai ekspektasi juga wkwk lol",1
"Ini wangiii parahh, auto jadi fav ğŸ˜",2
Sangat kecewa harumnya ,0
"Worth it sih, packaging aman aromanya mevvah lol",2
"Not bad, standar lah buat harga segini wkwk",1
"B AJA SIH, WANGINYA ADA TP CEPET ILANG",1
"KACAU, PARFUM BOCOR TRUS GA BISA DI SEMPROT ğŸ˜… wkwk",0
Fix ini parfum bikin auto pede keluar rumah ğŸ˜,2
"Bukan favorit gw, tp ga buruk",1
"Lumayan oke buat dipake sehari2, nothing special lol",1
"BIKIN MOOD NAIK, WANGINYA CALMING BANGET",2
"Ya lumayan lah, ga terlalu tahan lama tapi ok wkwk",1
"Not bad, standar lah buat harga segini wkwk lol",1
"Botol lecet2 kek bekas, minus banget ğŸ˜… wkwk",0
bagus tapi pecahh d,2
wanginya cepet ilang kayaknya ini ditambahin sedikit aikr,1
standar,1
parfum seperti umumnya,1
"Biasa aja, ga jelek tp juga ga wow",1
"Kacau, parfum bocor trus ga bisa di semprot",0
"Goks, wanginya tahan lama bgt di baju ğŸ˜…",2
"Kacau, parfum bocor trus ga bisa di semprot",0
"Netral ya, ga jelek cuman ga sesuai ekspektasi juga",1
"pengiriman aman, tapi kok semprotan besinya sedikit berkarat?, tutupnya juga beda masa warna biru",2
enak sih tapi palsu,1
manis tpi ada bau' aneh nya,1
gk sesuai ekspetasi,0
gabisaa di semprott,0
"kocak ga sesuai sama difoto,emanng ya mirah orang harga aslinya 40rb(+-).ini mah beda banget difoto warna putih yang datrng warna unguğŸ« ",0
atleast kalo mau ngemas botol & tutup di bersihkan terlebih dahulu ,0
Wjr lh dgn hrga sgitu,1
"Tdk sesuai, tutup botol sgt kotor",0
tidak sesuai yg sering aku beli,0
kurang bagus soalnya keliatan bngt kalo itu di isi ulang sma yang fake,0
d GK keluar minyak wanginya...,0
"a terlalu wangii ,tpi yaa sesuai hargaaa",1
 spray gak fungsi ,0
kaya air dikasih pewarna,0
Murah iya tapi wanginya g enak bgt trs botolnya nampak bekas,0
PARFUM INI VIBESNYA KAYA MAHAL GITU PADAHAL MURAH ğŸ«¶,2
"Ini mah bukan parfume, bau kaya cairan pel",0
"Ga ada wanginya, cuma air doang",0
"Ya lumayan lah, ga terlalu tahan lama tapi ok ",1
"Bikin mood naik, wanginya calming banget ğŸ˜…",2
"Hmm agak beda sama yg asli, tp masih bisa dipake",1
"Nyesel beli, wanginya aneh bikin pusing",0
"GA ADA WANGINYA, CUMA AIR DOANG",0
"KW bgt, baunya kaya air campur sabun cair ",0
"Netral ya, ga jelek cuman ga sesuai ekspektasi juga",1
"MURCE TAPI BERASA PREMIUM, GA NYESEL BELI",2
"B aja sih, wanginya ada tp cepet ilang ",1
"OPLOSAN, BAU KAYA OLI ASTAGA",0
"SESUAI EKSPEKTASI, WANGINYA SOFT ELEGAN, COCOK BUAT DAILY",2
"Hmm agak beda sama yg asli, tp masih bisa dipake",1
"Ya lumayan lah, ga terlalu tahan lama tapi ok ",1
"Buruk bgt, beda jauh dari yang ori",0
"KW bgt, baunya kaya air campur sabun cair ğŸ¤¢ wkwk",0
 baunya agak udah lama...,0
 bedaa dari yg satunya,1
 tidk baguss di bagian tutup ny,0
ini palsu kyk nya beda bgtt sama punyaku yng beli di alfamart,0
 mhon mf setelah saya buka tidak sesuai dengan harapan ,0
tutupnya banyak yg kecet,0
Kecewa gak sesuai dan tutup botol nya bekas,0
"Penjual pasti tau knapa saya kasih bintang 3,sebenar nya mau saya kasih bintang 1,selama pakai aplikasi ini blum pernah saya ngasih bintang d bawah 5,baru kali ini.",0
Perbaiki kualitas produk anda.,0
Kirain farfum evalingge asli taunya kw ga ada hrum sma sekali,0
"palsu, dideskripsi parfum avangeline, ternyata palsu",0
 tidak wangi,0
standar,1
biasa sj,0
cepat hilang ğŸ™‚,0
tidak ada aroma,0
"maaf tapi aromanya ga sesuai huhu, ya soalnya cuma harga segini si",1
bukan parfum evangeline dalemnya cuman tempatnya doang,0
 lumayan bagus,1
kurang ,0
"biasa ajh, gak wangi",1
"Wangi,tp knp ya warnanya hitam jadinya ke baju ada bekasnya,apa emang seperti itu",0
harum enakk,2
Kw,0
sesuai dengan yang di harapkan,1
 ga wangi,0
Wangi tapi karatan,1
Tutup nya juga rusak,0
"tidak nyaman,kurang wanggi juga",0
Beda isi gk sesuai,0
agak lain parfumnya,1
seperti tidak ori dari wadah dan baunya,0
palsu nggak kayak yg ori,0
b ajah,1
penipu jir beda parfum yg di kirim bukan yg asli,0
gk wangi minyak nya gk tahan lama kecewa,0
ga terlalu ke cium aroma nya,1
kurang  wangi pd pecah,0
Tidak ori ternyataa,0
Membantu,1
ternyata produk kw,0
"baunya aneh,ga kaya biasanya",0
aroma yangg tidak sesuai,0
no komen,1
ga jelek,1
wanginya ada,2
Sesuai ekspektasi,1
"berasa premium, ga nyesel beli",2
Sangat feminin dan elegan,2
Sangat menarik,2
 lembut dan tidak bikin pusing,2
Pasti beli lagi,2
Cukup untuk sehari-hari,1
Aromanya standar aja,1
Kecewa,0
cocok buat dipakai setelah mandi biar segar,2
Bocor sedikit pas paketnya datang,0
Admin ramah dan responsif.,2
isinya berkurang,0
Tidak akan beli lagi,0
 mengingatkan pada kenangan lama,1
kelihatan murahan,0
norak ,0
Lumayan,1
juga sesuai pesanan,2
Bintang 1 aja udah untung saya kasih. Harusnya 0,0
JANGAN BELI DI SINI. SAYA KORBANNYA,0
"Bau apek gitu barangnya, kek kelamaan disimpen di gudang",1
Gak nyangka bakal secinta ini sama produknya ğŸ˜­ğŸ˜­ğŸ˜­,2
Ga rekomen bgt. mending cari yg lain,0
Gak nyangka bakal secinta ini sama produknya ğŸ˜­ğŸ˜­ğŸ˜­,2
Cukup,1
Bagus bgt ,2
"saya kira barangnya besar, ternyata kecil mungil. wkwkwk salah saya ga baca deskripsi",1
suka suka sukaaaaaa bgt,2
berfungsi dgn baik,1
"hmm, utk harga segini sih oke lah ya..",1
gitu deh. nothing special,1
ini seller niat jualan ga sih?,0
pengirimannya luamaaaaaa bgt,0
HARUS BELI JUGA GUYSSSS,2
barangnya rusak pas nyampe,0
GA NGERTI LAGIIII MO BILANG APAA ğŸ˜­,1
sesuai harga la yekan...,1
auto jadi langganan nichhh,2
ga lagi2 deh beli disini ğŸ‘,0
Gasss,1
 DILUAR NURUL BAGUSNYAAAAA,2
 kotor gitu.. kecewa,0
bau, 0